Size	CRDC	DBSCAN	K-Means	RDC	Random	TDC	
200	0.7908455685229558	0.5045531691118911	0.6523337360888366	0.5058319739141365	0.006584019088645443	0.41955742605216073	