Size	CRDC	DBSCAN	K-Means	RDC	Random	TDC	
200	0.7908455685229558	0.0	0.0	0.287004284836185	0.006584019088645443	0.31365167498868357	