Size	CRDC	DBSCAN	K-Means	RDC	Random	TDC	
1000	0.0	0.7524379222592299	0.8147733812866498	0.0015624891654320075	0.0	0.0	