Size	CRDC	DBSCAN	K-Means	RDC	Random	TDC	
1000	0.06980714699288863	0.7854417506717936	0.5225737488308565	0.7471383820538325	0.021586472081595084	0.11241593301364372	