Size	CRDC	DBSCAN	K-Means	RDC	Random	TDC	
1000	0.5024365188856433	0.0	0.0	0.5552003837694497	0.009164415113650194	0.24004290500649972	