Size	CRDC	DBSCAN	K-Means	RDC	Random	TDC	
200	0.0	1.0	1.0	0.2188276890779515	0.0	0.10590575106347716	