Size	CRDC	DBSCAN	K-Means	RDC	Random	TDC	
200	0.936545240893067	0.09542713567839196	0.9749784296807593	0.31493055555555555	0.1126005361930295	0.41684607104413346	