Size	CRDC	DBSCAN	K-Means	RDC	Random	TDC	
1000	0.1305041701938689	0.23015132433261337	0.6301288936627283	0.7461635406627621	0.03716958944731326	0.19308445532435742	