Size	CRDC	DBSCAN	K-Means	RDC	Random	TDC	
1000	0.5024365188856433	0.31754889000709846	0.45130840484668855	0.5567628729348817	0.009164415113650194	0.24004290500649972	