Size	CRDC	DBSCAN	K-Means	RDC	Random	TDC	
1000	1.0	0.13482965666286087	0.7934314631562338	0.7451912398383013	0.13365199007261697	0.6837020316027088	