Size	CRDC	DBSCAN	K-Means	RDC	Random	TDC	
200	0.8853096362121633	0.17422817560438553	0.7390451275343363	0.4736910823867346	0.03697183098591549	0.5517364203027605	