Size	CRDC	DBSCAN	K-Means	RDC	Random	TDC	
200	0.8393891521853607	1.0	0.5950500263296472	0.9552395997893628	0.022116903633491312	0.8156924697209057	