Size	CRDC	DBSCAN	K-Means	RDC	Random	TDC	
200	0.0	1.0	1.0	0.020318865362369865	0.017703565860282655	0.4583312377407836	
300	0.0	1.0	1.0	0.01967095851216023	0.017234442060085838	0.4749865879828326	
400	0.0	1.0	1.0	0.018406683274200447	0.016909488940892278	0.46926348103973226	
500	0.0	1.0	1.0	0.018128956397081328	0.016437672148575295	0.4608749577178938	
600	0.0	1.0	1.0	0.017786826561660998	0.016220690889565063	0.4453418650438518	
700	0.0	1.0	1.0	0.017138041601578557	0.015748581764367345	0.45205541396037163	
800	0.0	1.0	1.0	0.017025334982672495	0.015898496394431277	0.4489885207253315	
900	0.0	1.0	1.0	0.016709406067419642	0.015669731798860338	0.4427171812391027	
1000	0.0	1.0	1.0	0.016553849873081106	0.015657359281195857	0.44783633506587694	