Size	CRDC	DBSCAN	K-Means	RDC	Random	TDC	
200	0.0	0.005879396984924623	0.08879492600422834	0.014251781472684086	0.0027100271002710027	0.006681270536692223	
300	0.0	0.00588628762541806	0.07824591573516768	0.019114688128772636	0.004519774011299435	0.007021485746383935	
400	0.0	0.006491228070175438	0.07063197026022305	0.02021336327905671	0.00421179302045728	0.007549978732454275	
500	0.0	0.006685370741482966	0.08161120840630473	0.02292768959435626	0.006857142857142857	0.007524779878565621	
600	0.0	0.006766833611574847	0.07617504051863858	0.02490234375	0.008123689727463312	0.007524585278633158	
700	0.0	0.007112201103617413	0.07821428571428571	0.02770282424896564	0.0074698333652556985	0.008180895677864885	
800	0.0	0.0071871088861076345	0.07992229776606077	0.02751163427320011	0.004173862982153138	0.008516555741583762	
900	0.0	0.0072945247806204426	0.07354016504752951	0.0292873413602343	0.006590160209067151	0.008432366547549794	
1000	0.0	0.007247247247247247	0.06652154984762734	0.029725676986857193	0.006885787734116783	0.008406641912544307	