Size	CRDC	DBSCAN	K-Means	RDC	Random	TDC	
200	0.0	0.5000172836544532	0.06837356464257416	0.0014164810294200394	4.0197800993420213E-5	0.1359343658564487	
300	0.0	0.5000173241910045	0.062469212123754315	0.002772504292085126	1.2499838424990552E-4	0.16143993988724173	
400	0.0	0.5000210680209295	0.04554686676423578	0.0026192808595048083	1.0017712396354252E-4	0.1503244120031018	
500	0.0	0.5000223470909755	0.042355808709909834	0.0032999781094837843	2.5641740350195255E-4	0.13605258526200556	
600	0.0	0.5000228950185633	0.039502461599319735	0.0038281230054733823	3.5795442587742594E-4	0.12420729385039497	
700	0.0	0.5000252917022692	0.0347412580534592	0.004300356872888926	2.7908826589443633E-4	0.13709268535291472	
800	0.0	0.5000258272670703	0.03463454288293647	0.004207046189560666	8.84079397225409E-5	0.14363946656802418	
900	0.0	0.5000266050458876	0.031160277876036216	0.004614487591371728	2.1486193033392063E-4	0.1330383849549489	
1000	0.0	0.5000262612963313	0.02448355124599837	0.0047750471535255926	2.383296058782915E-4	0.1370513380729062	