Size	CRDC	DBSCAN	K-Means	RDC	Random	TDC	
200	0.0	1.0	0.358974358974359	0.05128205128205128	0.008547008547008548	0.5213675213675214	
300	0.0	1.0	0.3446969696969697	0.07196969696969698	0.015151515151515152	0.5681818181818182	
400	0.0	1.0	0.29343629343629346	0.0694980694980695	0.013513513513513514	0.5482625482625483	
500	0.0	1.0	0.2793764988009592	0.07793764988009592	0.02158273381294964	0.5215827338129496	
600	0.0	1.0	0.27055921052631576	0.08388157894736842	0.02549342105263158	0.49835526315789475	
700	0.0	1.0	0.2517241379310345	0.08850574712643679	0.022413793103448276	0.5235632183908046	
800	0.0	1.0	0.2507618632999565	0.08750544188071398	0.012625163256421419	0.5359164127122333	
900	0.0	1.0	0.23856319891562183	0.09149440867502541	0.01965435445611657	0.515757370382921	
1000	0.0	1.0	0.2110497237569061	0.0930939226519337	0.020718232044198894	0.5234806629834254	