Size	CRDC	DBSCAN	K-Means	RDC	Random	TDC	
200	NaN	0.011690063446070839	0.1423728813559322	0.022304832713754646	0.004115226337448559	0.013193468151833027	
300	NaN	0.011703684000531987	0.12754029432375613	0.030206677265500796	0.006962576153176675	0.013871549452073797	
400	NaN	0.01289872755795712	0.11385767790262173	0.0313179643323184	0.006422018348623854	0.0148948444957256	
500	NaN	0.013281946744808256	0.12632149634047168	0.035431997819569364	0.010407632263660017	0.014835530242313662	
600	NaN	0.013442702690751509	0.11887985546522131	0.038403614457831324	0.01232114467408585	0.01482532537430277	
700	NaN	0.014123949835626447	0.11934604904632151	0.04219756130976846	0.01120528659675334	0.016110064811621885	
800	NaN	0.014271645899154075	0.12121212121212122	0.041861918150577944	0.0062736614386154676	0.01676666280756475	
900	NaN	0.014483400040736097	0.11242414564037048	0.04437140509449466	0.009870660313138189	0.016593438941159798	
1000	NaN	0.01439020512005088	0.1011585567692817	0.04506251253593636	0.01033627342888644	0.01654754471984876	