Size	CRDC	DBSCAN	K-Means	RDC	Random	TDC	
200	0.9922720247295209	0.17899497487437185	0.5913978494623656	0.5796984924623115	0.20215633423180593	0.21891989851395433	
300	0.9910158949550795	0.17977703455964325	0.5743761573053523	0.5683346432625972	0.16704545454545455	0.21604719764011798	
400	0.9863972017100661	0.17946115288220552	0.584982799022785	0.5830971911508824	0.17297297297297298	0.21240111275319482	
500	0.9854615943784831	0.1752064128256513	0.5662577856870472	0.5658264199106573	0.18496012153437144	0.21089683848304538	
600	0.9850643776824034	0.1778519755147468	0.5724784535554417	0.5702602395715269	0.16316894018887723	0.21467383265124995	
700	0.9831137264935397	0.17998365011240547	0.5839124818079244	0.5819372326181379	0.18322802986789202	0.21436900296427416	
800	0.981964510811597	0.17907697121401753	0.5813513682760348	0.5806600882952513	0.18745493871665464	0.21201205966359885	
900	0.9804616777308389	0.17876900259547646	0.5805605330112562	0.5787163798471834	0.17825494205862305	0.20899787509464376	
1000	0.9794799112644812	0.1798858858858859	0.5797848049544533	0.5777518556099743	0.17602204869085897	0.21004266917598197	