Size	CRDC	DBSCAN	K-Means	RDC	Random	TDC	
200	0.0	1.0	1.0	0.09204282759459788	0.0	0.46076164983574647	
300	0.0	1.0	0.9050004060968676	0.09578471451390205	0.0	0.4741045564068549	
400	0.0	1.0	0.6994016352258713	0.09126204722970813	0.0	0.4855585499170207	
500	0.0	1.0	0.5803690022589997	0.0943641352297296	0.0	0.4667112649428463	
600	0.0	1.0	0.49475141853553095	0.09009051607673602	0.0	0.4711226695487706	
700	0.0	1.0	0.4352455875840312	0.08737255370284673	0.0	0.4910209138813835	
800	0.0	1.0	0.39202791826979794	0.08800952935490378	0.0	0.5032100682353567	
900	0.0	1.0	0.35812299544004883	0.08806086347500143	0.0	0.5223864445907316	
1000	0.0	1.0	0.33028158196939145	0.0873052832277208	0.0	0.5335452898594895	