Size	CRDC	DBSCAN	K-Means	RDC	Random	TDC	
200	0.30506058446186746	0.30363992839485127	0.6866093510776117	0.6756471828511186	0.03813882532418002	0.33100424715714477	
300	0.30157728706624604	0.30476442462154857	0.6714079571222429	0.6670083017320898	0.03287487420328749	0.32805781175346393	
400	0.30046170237954306	0.3043104089416815	0.6825877014369656	0.6812057149494715	0.03603152758663831	0.3239686407107221	
500	0.3130387931034483	0.29817130150674936	0.6683169245194561	0.6666917307366956	0.03977133523887301	0.3211501932272221	
600	0.3037184067751753	0.301993763583105	0.6688783940257341	0.6668659121327495	0.03477580230347758	0.3264574663517415	
700	0.29643201542912245	0.30506126096791286	0.6789496701081893	0.6770648302066018	0.03885821016728927	0.3274551355991308	
800	0.29985491368844935	0.3037578980609448	0.6772494492186931	0.6768470464750131	0.04051863857374392	0.3254903712245172	
900	0.3037498393259871	0.3033147329151909	0.6766552050400388	0.6749400534907314	0.03868200140527347	0.32292698574434164	
1000	0.29967666217324496	0.304920819950013	0.6742162388782783	0.6726259685415833	0.038039270186027124	0.32525537762726175	