Size	CRDC	DBSCAN	K-Means	RDC	Random	TDC	
200	0.5085443613994401	0.5160196005151385	0.509732638949986	0.49579780132510065	0.020655260601693516	0.25398848777824906	
300	0.5068714629151297	0.5161598910775296	0.4912954007265184	0.48724264431735675	0.014118284416645265	0.25539584198919424	
400	0.5021935846704105	0.5161031526969052	0.5067175096163948	0.5053874432520179	0.015162037325454005	0.25540865519355416	
500	0.5028788784256907	0.5153486435476162	0.49264323309794256	0.48919905151763365	0.0173533490236683	0.24867980685743976	
600	0.5012926671176794	0.5158156625972491	0.4873294299088431	0.4849053921802715	0.013501432881798867	0.2550132814444897	
700	0.49848634499362626	0.5161970571538924	0.4992865062272991	0.496865568134508	0.01702243231650728	0.2631508135367436	
800	0.49778162866418	0.516034280809593	0.49787407192019273	0.4976283312143911	0.01782764374766939	0.2677180082201852	
900	0.49680087261108175	0.5159791781444907	0.49728113772719035	0.49513671412830784	0.01612274746823674	0.2738320387440626	
1000	0.49533726175105536	0.5161794659704749	0.492404356359321	0.4907349470185866	0.015719231279396093	0.28156226536506757	