Size	CRDC	DBSCAN	K-Means	RDC	Random	TDC	
200	0.5085443613994401	0.0	0.0	0.4037549737305028	0.020655260601693516	0.0	
300	0.5068714629151297	0.0	0.0	0.39145792980345473	0.014118284416645265	0.0	
400	0.5021935846704105	0.0	0.0	0.4141253960223098	0.015162037325454005	0.0	
500	0.5028788784256907	0.0	0.0	0.39483491628790407	0.0173533490236683	0.0	
600	0.5012926671176794	0.0	0.0	0.3948148761035355	0.013501432881798867	0.0	
700	0.49848634499362626	0.0	0.06404091864326789	0.40949301443166125	0.01702243231650728	0.0	
800	0.49778162866418	0.0	0.10584615365039479	0.4096188018594873	0.01782764374766939	0.0	
900	0.49680087261108175	0.0	0.13915814228714152	0.4070758506533064	0.01612274746823674	0.0	
1000	0.49533726175105536	0.0	0.16212277438992956	0.4034296637908658	0.015719231279396093	0.0	