Size	CRDC	DBSCAN	K-Means	RDC	Random	TDC	
200	0.180235822571589	1.0	0.8183604716451431	0.8096574957888827	0.021055586749017405	0.678270634475014	
300	0.17784943569391046	1.0	0.8078878829219893	0.8071437430236884	0.018231427508371575	0.6812600768944561	
400	0.17722226101529223	1.0	0.8192863626841701	0.8190070525801271	0.02011032749109699	0.6824244117030933	
500	0.18607311158896464	1.0	0.8152536944685913	0.8113190282289426	0.02228119138033582	0.6729651827789724	
600	0.1795369211514393	1.0	0.8043178973717147	0.8028785982478097	0.019461827284105133	0.6811326658322904	
700	0.17452819476301865	1.0	0.8109372516067495	0.8093702450434901	0.021733699725206095	0.6930711057615879	
800	0.1769433718309367	1.0	0.8110355913546381	0.8112277881641711	0.022714168399350025	0.7003477015008823	
900	0.17971266990224138	1.0	0.8108709780008573	0.8095435627272853	0.021694943377442235	0.7099182809972208	
1000	0.1769000478559425	1.0	0.8053932534250386	0.8047811425328035	0.021323717627680767	0.7204211322938577	