Size	CRDC	DBSCAN	K-Means	RDC	Random	TDC	
200	0.0	1.0	0.050884670024538295	0.036936587885832366	0.016918507038615523	0.48818287485470746	
300	0.0	1.0	0.04781609195402299	0.03936781609195402	0.020919540229885056	0.5107471264367817	
400	0.0	1.0	0.048378455041129566	0.038860348577011566	0.02133694727221154	0.5037977875130007	
500	0.0	1.0	0.048499979535873615	0.03961854868415667	0.02255146727786191	0.49163017230794415	
600	0.0	1.0	0.04769335804154882	0.03977929804517145	0.02101127196221315	0.47237742263588356	
700	0.0	1.0	0.045952390575112155	0.039415188134017703	0.02102614880976438	0.48187366123752173	
800	0.0	1.0	0.04606658102858558	0.03992230665655518	0.022069862102053767	0.4781081206568338	
900	0.0	1.0	0.04590935844614479	0.039680204041593094	0.021470963311752012	0.4692466156562684	
1000	0.0	1.0	0.04486177869710363	0.03948471455428404	0.021726513787407552	0.4756171966844745	