Size	CRDC	DBSCAN	K-Means	RDC	Random	TDC	
200	0.0	0.5756976452614833	0.29854379283198584	0.23143012039804592	0.061816097692811545	0.2048674219480058	
300	0.0	0.5752564288990056	0.3126986984722841	0.2382283048584372	0.08557223896639667	0.2169591577984213	
400	0.0	0.579045470898424	0.31163252911308736	0.24040003375996458	0.08239784313669767	0.21719826940580345	
500	0.0	0.576718919393898	0.31637018476353157	0.23395584076924067	0.0881063588310659	0.2072015819353171	
600	0.0	0.5797575573615705	0.319906882778633	0.2437106711166475	0.07830364049250288	0.200176831075848	
700	0.0	0.5818284372345216	0.315390731706916	0.24699974360301902	0.07965511271264095	0.20781308435530135	
800	0.0	0.5817440716924003	0.32272314751263426	0.2501080581092105	0.08415108330167932	0.20564902549421293	
900	0.0	0.58127459557984	0.31658830100119983	0.24720921023716175	0.07959468191012703	0.1999985701919869	
1000	0.0	0.5814455103932762	0.3196519131926804	0.247269828802523	0.08120919394953546	0.20357071584407055	