Size	CRDC	DBSCAN	K-Means	RDC	Random	TDC	
200	0.0	0.0	0.0	0.23143012039804592	0.061816097692811545	0.08354899166327055	
300	0.0	0.0	0.0	0.2382283048584372	0.08557223896639667	0.0679374186679865	
400	0.0	0.0	0.0	0.24040003375996458	0.08239784313669767	0.09109771213539264	
500	0.0	0.0	0.0	0.23395584076924067	0.0881063588310659	0.08645395275518733	
600	0.0	0.0	0.0	0.2437106711166475	0.07830364049250288	0.11641924299871524	
700	0.0	0.0	0.0	0.24699974360301902	0.07965511271264095	0.12060378202971996	
800	0.0	0.0	0.0	0.2501080581092105	0.08415108330167932	0.12326882693466079	
900	0.0	0.0	0.0	0.24720921023716175	0.07959468191012703	0.1262437334026229	
1000	0.0	0.0	0.0	0.247269828802523	0.08120919394953546	0.12207019473670903	