Size	CRDC	DBSCAN	K-Means	RDC	Random	TDC	
200	NaN	0.560214159099953	0.09546886358129392	0.07006369426751592	0.032281912272055194	0.44805310258993664	
300	NaN	0.5590361445783133	0.0901701528123984	0.0744808089594433	0.03982276680706744	0.458530041534453	
400	NaN	0.568982058478064	0.09116013896724767	0.07358997314234557	0.040540135932213534	0.4610281923714759	
500	NaN	0.5629204681596167	0.0914157875450811	0.07489216843001102	0.042800271871055444	0.4504148113428638	
600	NaN	0.5708093577390634	0.09001025533145758	0.07526328970435103	0.03990104118433064	0.4451929326951486	
700	NaN	0.5760515915744626	0.08687015318791305	0.07463814562187294	0.039945101878245175	0.453499041977093	
800	NaN	0.5758400805657427	0.08712897371348281	0.07557202707057686	0.04188327899668106	0.4513602758540078	
900	NaN	0.5746599160756376	0.08680229525299948	0.07511475543020955	0.040746041164903955	0.44549605790470864	
1000	NaN	0.5750901801034665	0.0849497008350319	0.07476495064198295	0.0412272156098663	0.44908597844567155	