Size	CRDC	DBSCAN	K-Means	RDC	Random	TDC	
200	0.0	0.3890954773869347	0.7710371819960861	0.6793349168646081	0.3512064343163539	0.4140197152245345	
300	0.0	0.3879598662207358	0.7893738140417458	0.6891348088531187	0.41316685584562995	0.4159996255207602	
400	0.0	0.3976065162907268	0.7879876796714579	0.6923076923076923	0.4053892215568862	0.4249521480221182	
500	0.0	0.3917114228456914	0.7939698492462312	0.6828924162257496	0.41917078737162417	0.4155754294314034	
600	0.0	0.3993934335002782	0.7984604618614416	0.697021484375	0.3951781970649895	0.4209670209595709	
700	0.0	0.40454526875127733	0.7928870292887029	0.7017449181507466	0.39858264700248996	0.42828021588225257	
800	0.0	0.4043366708385482	0.8020749124225276	0.7061319463454695	0.4096523987359954	0.4274466936945663	
900	0.0	0.4031738969225065	0.7943984723106302	0.7020284195682829	0.39840728100113765	0.42403390675641983	
1000	0.0	0.4035975975975976	0.7983052343543119	0.7021257828349652	0.402425578831312	0.42535833588416133	