Size	CRDC	DBSCAN	K-Means	RDC	Random	TDC	
200	0.0	1.0	1.0	0.0	0.0	0.12131843028473525	
300	0.0	1.0	1.0	0.0	0.0	0.1490217391304348	
400	0.0	1.0	1.0	0.0	0.0	0.1261005572704108	
500	0.0	1.0	1.0	0.0	0.0	0.12074762918012977	
600	0.0	1.0	1.0	0.0	0.0	0.08375758807713275	
700	0.0	1.0	1.0	0.0	0.0	0.0872093023255814	
800	0.0	1.0	1.0	0.0	0.0	0.08238019855955214	
900	0.0	1.0	1.0	0.0	0.0	0.07375483678936402	
1000	0.0	1.0	1.0	0.0	0.0	0.08150052110736151	