Size	CRDC	DBSCAN	K-Means	RDC	Random	TDC	
200	0.49869493219990185	0.0	0.0	0.37308110859044413	0.008946670133100972	0.0	
300	0.4803191555880788	0.0	0.0	0.35707806346152415	0.008527694346652173	0.0	
400	0.46948887417910956	0.274512616621986	0.0	0.37632896148441547	0.012190221671913123	0.0	
500	0.4718775263202176	0.3896240809812712	0.0	0.35955112162428504	0.011286804925221888	0.0	
600	0.4706556834395102	0.0	0.0	0.36009271657916503	0.012515582346312393	0.0	
700	0.4667175616100827	0.0	0.03867616283608727	0.3732866057354731	0.012327691870138043	0.0	
800	0.463774019057087	0.0	0.0796610981230006	0.3729519796152069	0.012039486034860429	0.0	
900	0.46195557846493174	0.0	0.11196063370946857	0.36974880777975694	0.011743624645810354	0.0	
1000	0.45940964439644827	0.0	0.13355631660395	0.36597616049762055	0.01242718135689004	0.0	