Size	CRDC	DBSCAN	K-Means	RDC	Random	TDC	
200	0.9768160741885626	0.1527638190954774	0.5214156444801931	0.5177889447236181	0.13279132791327913	0.1833091699891265	
300	0.95922598479613	0.2065228036956025	0.5229038306991696	0.5057200244520129	0.12954545454545455	0.1814749262536873	
400	0.948309366498251	0.4397153832722193	0.5265058428206029	0.5176733780760626	0.1547260686333534	0.17897504998695993	
500	0.9486309668039739	0.5583371437280902	0.5035721120112266	0.5023931078493937	0.14878234398782345	0.17779052261810882	
600	0.9488412017167382	0.2549443886937615	0.5085587089593767	0.507056025957286	0.15669291338582678	0.18060253439179527	
700	0.9458871689906614	0.15369479936544633	0.5195122350974383	0.5171777538290716	0.15552576134840068	0.18035009342380692	
800	0.9423058275962377	0.15278473091364206	0.5167637297263448	0.5155392138470967	0.15362485615650173	0.1783031841743362	
900	0.9396499698249849	0.1521171672228402	0.5151608145163685	0.5125979815552503	0.1517077045274027	0.17530876258863948	
1000	0.9375770273601183	0.15274474474474475	0.5136803670518149	0.5113014437404623	0.15607201910711005	0.17580673945844216	