Size	CRDC	DBSCAN	K-Means	RDC	Random	TDC	
200	0.3428261459180906	0.26503923278116825	0.6471983027580183	0.6427947598253275	0.028747433264887063	0.28743961352657005	
300	0.33277391512826665	0.3371529073175931	0.6472863932795401	0.6313092772266433	0.02932475884244373	0.285519801980198	
400	0.32926253289251733	0.5730458527705086	0.652313045639544	0.6435126533386892	0.036954489898626784	0.2826982492276004	
500	0.3430900008763474	0.6521284407752731	0.6309416771563867	0.6293594483861296	0.03667401397551939	0.2804161013116237	
600	0.3337862729111936	0.39671101857575075	0.6327319052300705	0.6312440343620745	0.0383898141598611	0.2846064787834992	
700	0.3258201687707934	0.26636734026946485	0.643052047513263	0.6410759826741692	0.03795190577457877	0.28538559011182	
800	0.3286272255381026	0.26507070542572536	0.6413211579560909	0.6401478387129336	0.0382919221254168	0.28340829795283534	
900	0.33307039240590947	0.26406544672798543	0.64027166022786	0.6374442245522599	0.038008869683875374	0.2803803422559465	
1000	0.3288876399636851	0.26501052456078195	0.6377477222230507	0.635321681549909	0.03897593539950907	0.28183967478236893	