Size	CRDC	DBSCAN	K-Means	RDC	Random	TDC	
200	0.0	1.0	1.0	0.11998820754716981	0.0	0.47735849056603774	
300	0.0	0.6269256003149193	0.9041858023881381	0.12350085290644272	0.0	0.4902243800026243	
400	0.0	0.16034950997756522	0.706857362144291	0.1190665958200496	0.0	0.5012988546463573	
500	0.0	0.07341141056394337	0.5917783735478106	0.12130191430318424	0.0	0.48257372654155495	
600	0.0	0.44973413311679805	0.5103399952851193	0.11790475941011604	0.0	0.4872894674804201	
700	0.0	0.9966639348213855	0.4521669960950682	0.11580774237092031	0.0	0.506879429205033	
800	0.0	1.0	0.4108677213556072	0.11627023638308072	0.0	0.5186045654017775	
900	0.0	1.0	0.37829040269492026	0.11668864878399586	0.0	0.5373797898451352	
1000	0.0	1.0	0.3518753658214225	0.11650822272152257	0.0	0.5484701584124766	