Size	CRDC	DBSCAN	K-Means	RDC	Random	TDC	
200	0.20789473684210527	1.0	0.8529605263157894	0.8473684210526315	0.01611842105263158	0.6654605263157894	
300	0.2013052936910805	0.9174764321972444	0.8493110949963741	0.8398839738941262	0.01653372008701958	0.6691805656272661	
400	0.1992161985630307	0.8224199869366428	0.8571195297191379	0.8501796211626388	0.02098301763553233	0.6723546701502287	
500	0.20941428189355443	0.7837924578764376	0.8445573682802888	0.8422037978069002	0.020914683070339665	0.6632789515913345	
600	0.20251355708632565	0.8936318335043236	0.8371317602227759	0.8359958962333285	0.021874541990326835	0.6710391323464752	
700	0.19680596220388608	0.9979771093957945	0.8436784668618579	0.8430396593026351	0.02161298908703753	0.6833910034602076	
800	0.1990169977472865	1.0	0.8449928322752406	0.8441941429449109	0.021871800122875283	0.6903542903952489	
900	0.20240822892799687	1.0	0.8456426006272445	0.842685126505143	0.021726059896975902	0.6998163766067047	
1000	0.19942067736185384	1.0	0.8408304498269896	0.8387726748453392	0.02226853308168187	0.710142078221663	