Size	CRDC	DBSCAN	K-Means	RDC	Random	TDC	
200	0.49869493219990185	0.5116683922123179	0.49970796688080177	0.49306931613761396	0.008946670133100972	0.238219981943295	
300	0.4803191555880788	0.4422073360418386	0.4973788761219029	0.4805789163679669	0.008527694346652173	0.24036788913600454	
400	0.46948887417910956	0.4348621265995512	0.5059311453750946	0.49539555730446505	0.012190221671913123	0.24204643549532878	
500	0.4718775263202176	0.4630354915452146	0.48343101015598744	0.4808530359274693	0.011286804925221888	0.23577421877846008	
600	0.4706556834395102	0.4317872475893675	0.4797107722160556	0.47799747598928105	0.012515582346312393	0.2414553962845249	
700	0.4667175616100827	0.5097902011149853	0.4908431589311555	0.48909434810639346	0.012327691870138043	0.2497747099041627	
800	0.463774019057087	0.511671587000177	0.49052881947860777	0.4892222159982876	0.012039486034860429	0.2541905358769174	
900	0.46195557846493174	0.5115698162819508	0.49025103640438883	0.4864374565637528	0.011743624645810354	0.26023806160364854	
1000	0.45940964439644827	0.5116654785235686	0.4854316824253725	0.4824843832191431	0.01242718135689004	0.2676048904499955	